{"cameraMode":{"drawMode":0,"name":"Shaded","section":"Shading Mode"},"sceneLighting":false,"audioPlay":false,"sceneViewState":{"showFog":true,"showMaterialUpdate":false,"showSkybox":false,"showFlares":true,"showImageEffects":true,"showParticleSystems":true},"in2DMode":false,"pivot":{"x":5.807506084442139,"y":-2.3862411975860597,"z":-1.4770272970199586},"rotation":{"x":0.09291455894708634,"y":-0.24336028099060059,"z":0.023117033764719964,"w":0.9653564691543579},"size":3.4349474906921388,"orthographic":false}